{"heatmap_size": [-4.70163942165273, 5.5038428119097675, -3.7596233952381963, 2.8326935022443034], "gps_frequency": {"0.1": 0.1417910447761194, "0.2": 0.007462686567164179, "0.30000000000000004": 0.026119402985074626, "0.4": 0.041044776119402986, "0.5": 0.007462686567164179, "0.6": 0.1044776119402985, "0.7000000000000001": 0.09701492537313433, "0.8": 0.09328358208955224, "0.9": 0.08582089552238806, "1.0": 0.022388059701492536, "1.1": 0.04477611940298507, "1.2000000000000002": 0.0708955223880597, "1.3000000000000003": 0.033582089552238806, "1.4000000000000001": 0.048507462686567165, "1.5000000000000002": 0.018656716417910446, "1.6": 0.014925373134328358, "1.7000000000000002": 0.011194029850746268, "1.8000000000000003": 0.022388059701492536, "1.9000000000000001": 0.018656716417910446, "2.0": 0.0, "2.1": 0.007462686567164179, "2.2": 0.0037313432835820895, "2.3000000000000003": 0.018656716417910446, "2.4000000000000004": 0.0037313432835820895, "2.5000000000000004": 0.014925373134328358, "2.6": 0.014925373134328358, "2.7": 0.007462686567164179, "2.8000000000000003": 0.007462686567164179, "2.9000000000000004": 0.011194029850746268, "3.0000000000000004": 0.007462686567164179, "3.1": 0.007462686567164179, "3.2": 0.0037313432835820895, "3.3000000000000003": 0.0, "3.4000000000000004": 0.0, "3.5000000000000004": 0.0037313432835820895, "3.6": 0.0037313432835820895, "3.7": 0.0, "3.8000000000000003": 0.0, "3.9000000000000004": 0.0, "4.0": 0.0, "4.1": 0.0037313432835820895, "4.2": 0.0, "4.3": 0.0037313432835820895, "4.3999999999999995": 0.0, "4.5": 0.0, "4.6": 0.0, "4.7": 0.0, "4.8": 0.0, "4.9": 0.0, "5.0": 0.0, "5.1": 0.0, "5.2": 0.0, "5.3": 0.0, "5.4": 0.0, "5.5": 0.0, "5.6": 0.0, "5.7": 0.0, "5.8": 0.0, "5.9": 0.0, "6.0": 0.0, "6.1": 0.0, "6.2": 0.0, "6.3": 0.0, "6.4": 0.0, "6.5": 0.0, "6.6": 0.0, "6.7": 0.0, "6.8": 0.0, "6.9": 0.0, "7.0": 0.0, "7.1": 0.0, "7.2": 0.0, "7.3": 0.0, "7.4": 0.0, "7.5": 0.0, "7.6": 0.0, "7.7": 0.0, "7.8": 0.0, "7.9": 0.0, "8.0": 0.0, "8.1": 0.0, "8.2": 0.0, "8.3": 0.0, "8.4": 0.0, "8.5": 0.0, "8.6": 0.0, "8.7": 0.0, "8.8": 0.0, "8.9": 0.0, "9.0": 0.0, "9.1": 0.0, "9.2": 0.0, "9.3": 0.0, "9.4": 0.0037313432835820895, "9.5": 0.0, "9.6": 0.0, "9.700000000000001": 0.0, "9.8": 0.0, "9.9": 0.0, "10.0": 0.0, "10.1": 0.0, "10.200000000000001": 0.0, "10.3": 0.0, "10.4": 0.0, "10.5": 0.0, "10.6": 0.0, "10.700000000000001": 0.0, "10.8": 0.0, "10.9": 0.0, "11.0": 0.0, "11.1": 0.0, "11.200000000000001": 0.0, "11.3": 0.0, "11.4": 0.0, "11.5": 0.0, "11.6": 0.0, "11.700000000000001": 0.0, "11.8": 0.0, "11.9": 0.0, "12.0": 0.0, "12.1": 0.0, "12.200000000000001": 0.0, "12.3": 0.0, "12.4": 0.0, "12.5": 0.0, "12.6": 0.0, "12.700000000000001": 0.0, "12.8": 0.0, "12.9": 0.0, "13.0": 0.0, "13.1": 0.0}, "mean_error_major": 0.8198785425101214, "min_error_major": 0.468, "max_error_major": 1.2100000000000002, "mean_error_minor": 0.4989056603773578, "min_error_minor": 0.30600000000000005, "max_error_minor": 1.1, "error_orientation": 156.87360594795538, "prob_change": 0.3409090909090909, "changes_probs": {"-0.030000000000000027": 0.008, "-0.019999999999999907": 0.008, "-0.07000000000000006": 0.004, "0.0": 0.659, "-0.06999999999999995": 0.004, "-0.010000000000000009": 0.14, "-0.020000000000000018": 0.049, "-0.009999999999999898": 0.008, "0.010000000000000009": 0.087, "0.009999999999999898": 0.004, "0.020000000000000018": 0.004, "-0.019999999999999962": 0.004, "-0.009999999999999953": 0.008, "0.009999999999999953": 0.008, "-0.02999999999999997": 0.004, "0.030000000000000027": 0.004}, "longtime_changes_probs": {"-0.4": 0.014, "-0.0": 0.527, "-0.2": 0.023, "-0.3": 0.014, "-0.1": 0.383, "0.1": 0.041}}