{"heatmap_size": [-16.475118530926988, 10.191452821276277, -12.339170492022548, 12.490542897683534], "gps_frequency": {"0.1": 0.04430379746835443, "0.2": 0.006329113924050633, "0.30000000000000004": 0.02531645569620253, "0.4": 0.056962025316455694, "0.5": 0.006329113924050633, "0.6": 0.0759493670886076, "0.7000000000000001": 0.15822784810126583, "0.8": 0.10759493670886076, "0.9": 0.0759493670886076, "1.0": 0.0189873417721519, "1.1": 0.0759493670886076, "1.2000000000000002": 0.0759493670886076, "1.3000000000000003": 0.056962025316455694, "1.4000000000000001": 0.03164556962025317, "1.5000000000000002": 0.012658227848101266, "1.6": 0.012658227848101266, "1.7000000000000002": 0.02531645569620253, "1.8000000000000003": 0.012658227848101266, "1.9000000000000001": 0.0189873417721519, "2.0": 0.006329113924050633, "2.1": 0.0189873417721519, "2.2": 0.006329113924050633, "2.3000000000000003": 0.006329113924050633, "2.4000000000000004": 0.012658227848101266, "2.5000000000000004": 0.0189873417721519, "2.6": 0.012658227848101266, "2.7": 0.0, "2.8000000000000003": 0.0, "2.9000000000000004": 0.0, "3.0000000000000004": 0.006329113924050633, "3.1": 0.006329113924050633, "3.2": 0.006329113924050633, "3.3000000000000003": 0.0, "3.4000000000000004": 0.006329113924050633, "3.5000000000000004": 0.0, "3.6": 0.0, "3.7": 0.0, "3.8000000000000003": 0.0, "3.9000000000000004": 0.006329113924050633, "4.0": 0.0, "4.1": 0.0, "4.2": 0.0, "4.3": 0.0, "4.3999999999999995": 0.0, "4.5": 0.0, "4.6": 0.0, "4.7": 0.0, "4.8": 0.0, "4.9": 0.0, "5.0": 0.0, "5.1": 0.0, "5.2": 0.0, "5.3": 0.0, "5.4": 0.0, "5.5": 0.0, "5.6": 0.0, "5.7": 0.0, "5.8": 0.0, "5.9": 0.0, "6.0": 0.0, "6.1": 0.0, "6.2": 0.0, "6.3": 0.0, "6.4": 0.0, "6.5": 0.0, "6.6": 0.0, "6.7": 0.0, "6.8": 0.0, "6.9": 0.0, "7.0": 0.0, "7.1": 0.0, "7.2": 0.0, "7.3": 0.0, "7.4": 0.0, "7.5": 0.0, "7.6": 0.0, "7.7": 0.0, "7.8": 0.0, "7.9": 0.0, "8.0": 0.0, "8.1": 0.0, "8.2": 0.0, "8.3": 0.0, "8.4": 0.0, "8.5": 0.0, "8.6": 0.0, "8.7": 0.0, "8.8": 0.0, "8.9": 0.0, "9.0": 0.0, "9.1": 0.0, "9.2": 0.0, "9.3": 0.0, "9.4": 0.0, "9.5": 0.0, "9.6": 0.0, "9.700000000000001": 0.0, "9.8": 0.0, "9.9": 0.0, "10.0": 0.0, "10.1": 0.0, "10.200000000000001": 0.0, "10.3": 0.0, "10.4": 0.0, "10.5": 0.0, "10.6": 0.0, "10.700000000000001": 0.0, "10.8": 0.0, "10.9": 0.0, "11.0": 0.0, "11.1": 0.0, "11.200000000000001": 0.0, "11.3": 0.006329113924050633, "11.4": 0.0, "11.5": 0.0, "11.6": 0.0, "11.700000000000001": 0.0, "11.8": 0.0, "11.9": 0.0, "12.0": 0.0, "12.1": 0.0, "12.200000000000001": 0.0, "12.3": 0.0, "12.4": 0.0, "12.5": 0.0, "12.6": 0.0, "12.700000000000001": 0.0, "12.8": 0.0, "12.9": 0.0, "13.0": 0.0, "13.1": 0.0, "13.200000000000001": 0.0, "13.3": 0.0, "13.4": 0.0, "13.5": 0.0, "13.6": 0.0, "13.700000000000001": 0.0, "13.8": 0.0, "13.9": 0.0, "14.0": 0.0, "14.1": 0.0, "14.200000000000001": 0.006329113924050633, "14.3": 0.0, "14.4": 0.0, "14.5": 0.0, "14.6": 0.0, "14.700000000000001": 0.0, "14.8": 0.0, "14.9": 0.0, "15.0": 0.0, "15.1": 0.0, "15.200000000000001": 0.0, "15.3": 0.0, "15.4": 0.0, "15.5": 0.0, "15.6": 0.0, "15.700000000000001": 0.0, "15.8": 0.0, "15.9": 0.0, "16.0": 0.0, "16.1": 0.0, "16.200000000000003": 0.0, "16.3": 0.0, "16.400000000000002": 0.0, "16.500000000000004": 0.0, "16.6": 0.0, "16.700000000000003": 0.0, "16.8": 0.0, "16.900000000000002": 0.0, "17.000000000000004": 0.0, "17.1": 0.0, "17.200000000000003": 0.0, "17.3": 0.0, "17.400000000000002": 0.0, "17.500000000000004": 0.0, "17.6": 0.0, "17.700000000000003": 0.0, "17.8": 0.0, "17.900000000000002": 0.0, "18.000000000000004": 0.0, "18.1": 0.0, "18.200000000000003": 0.0, "18.3": 0.0, "18.400000000000002": 0.0, "18.500000000000004": 0.0, "18.6": 0.0, "18.700000000000003": 0.0, "18.8": 0.0, "18.900000000000002": 0.0, "19.000000000000004": 0.0, "19.1": 0.0, "19.200000000000003": 0.0, "19.300000000000004": 0.0, "19.400000000000002": 0.0, "19.500000000000004": 0.0, "19.6": 0.0, "19.700000000000003": 0.0, "19.800000000000004": 0.0, "19.900000000000002": 0.0, "20.000000000000004": 0.0, "20.1": 0.0, "20.200000000000003": 0.0, "20.300000000000004": 0.0, "20.400000000000002": 0.0, "20.500000000000004": 0.0, "20.6": 0.0, "20.700000000000003": 0.0, "20.800000000000004": 0.0, "20.900000000000002": 0.0, "21.000000000000004": 0.0, "21.1": 0.0, "21.200000000000003": 0.0, "21.300000000000004": 0.0, "21.400000000000002": 0.0, "21.500000000000004": 0.0, "21.6": 0.0, "21.700000000000003": 0.0, "21.800000000000004": 0.0, "21.900000000000002": 0.0, "22.000000000000004": 0.0, "22.1": 0.0, "22.200000000000003": 0.0, "22.300000000000004": 0.0, "22.400000000000002": 0.0, "22.500000000000004": 0.0, "22.6": 0.0, "22.700000000000003": 0.0, "22.800000000000004": 0.0, "22.900000000000002": 0.0, "23.000000000000004": 0.0, "23.1": 0.0, "23.200000000000003": 0.0, "23.300000000000004": 0.0, "23.400000000000002": 0.0, "23.500000000000004": 0.0, "23.6": 0.0, "23.700000000000003": 0.0, "23.800000000000004": 0.0, "23.900000000000002": 0.0, "24.000000000000004": 0.0, "24.1": 0.0, "24.200000000000003": 0.0, "24.300000000000004": 0.0, "24.400000000000002": 0.0, "24.500000000000004": 0.0, "24.6": 0.0, "24.700000000000003": 0.0, "24.800000000000004": 0.0, "24.900000000000002": 0.0, "25.000000000000004": 0.0, "25.1": 0.0, "25.200000000000003": 0.0, "25.300000000000004": 0.0, "25.400000000000002": 0.0, "25.500000000000004": 0.0, "25.6": 0.0, "25.700000000000003": 0.0, "25.800000000000004": 0.0, "25.900000000000002": 0.0, "26.000000000000004": 0.0, "26.1": 0.0, "26.200000000000003": 0.0, "26.300000000000004": 0.0, "26.400000000000002": 0.0, "26.500000000000004": 0.0, "26.6": 0.0, "26.700000000000003": 0.0, "26.800000000000004": 0.0, "26.900000000000002": 0.0, "27.000000000000004": 0.0, "27.1": 0.0, "27.200000000000003": 0.0, "27.300000000000004": 0.0, "27.400000000000002": 0.0, "27.500000000000004": 0.0, "27.6": 0.0, "27.700000000000003": 0.0, "27.800000000000004": 0.0, "27.900000000000002": 0.0, "28.000000000000004": 0.0, "28.1": 0.0, "28.200000000000003": 0.0, "28.300000000000004": 0.0, "28.400000000000002": 0.0, "28.500000000000004": 0.0, "28.6": 0.0, "28.700000000000003": 0.0, "28.800000000000004": 0.0, "28.900000000000002": 0.0, "29.000000000000004": 0.0, "29.1": 0.0, "29.200000000000003": 0.0, "29.300000000000004": 0.0, "29.400000000000002": 0.0, "29.500000000000004": 0.0, "29.6": 0.0, "29.700000000000003": 0.0, "29.800000000000004": 0.0, "29.900000000000002": 0.0}, "mean_error_major": 4.403658536585369, "min_error_major": 2.9699999999999998, "max_error_major": 6.6000000000000005, "mean_error_minor": 4.423899371069181, "min_error_minor": 1.53, "max_error_minor": 17.6, "error_orientation": 131.45283018867926, "prob_change": 0.4050632911392405, "changes_probs": {"-0.9": 0.031, "-0.5": 0.062, "-0.4": 0.062, "-0.2": 0.156, "-0.1": 0.438, "5.0": 0.016, "4.1": 0.016, "-0.7": 0.031, "-0.3": 0.031, "0.1": 0.047, "12.7": 0.016, "-1.0": 0.016, "-1.4": 0.016, "-3.0": 0.031, "-2.0": 0.016, "-1.1": 0.016}, "longtime_changes_probs": {"0.9": 0.008, "1.0": 0.008, "1.4": 0.008, "3.9": 0.008, "4.9": 0.008, "5.5": 0.008, "5.4": 0.015, "-0.5": 0.076, "-0.8": 0.069, "0.3": 0.015, "-2.4": 0.015, "-0.9": 0.053, "-0.4": 0.046, "-1.4": 0.023, "-1.9": 0.015, "-1.8": 0.061, "-1.3": 0.015, "-0.3": 0.099, "-2.8": 0.008, "-2.2": 0.008, "0.1": 0.015, "-0.1": 0.046, "-1.7": 0.015, "-0.2": 0.031, "-0.7": 0.046, "-2.6": 0.008, "-2.1": 0.046, "-1.6": 0.008, "-1.1": 0.008, "-5.5": 0.008, "-1.5": 0.008, "-0.6": 0.076, "-4.1": 0.008, "-3.0": 0.008, "-2.0": 0.015, "-1.0": 0.031, "-8.8": 0.008, "-5.9": 0.008, "-4.6": 0.015, "-3.7": 0.008, "-2.9": 0.008, "-1.2": 0.015}}