{"heatmap_size": [-20.183142321104512, 29.793533608971337, -1.0293878194027157, 16.340851152984623], "gps_frequency": {"0.1": 0.04291845493562232, "0.2": 0.008583690987124463, "0.30000000000000004": 0.004291845493562232, "0.4": 0.017167381974248927, "0.5": 0.008583690987124463, "0.6": 0.06437768240343347, "0.7000000000000001": 0.12017167381974249, "0.8": 0.13304721030042918, "0.9": 0.1759656652360515, "1.0": 0.0, "1.1": 0.09871244635193133, "1.2000000000000002": 0.07725321888412018, "1.3000000000000003": 0.03862660944206009, "1.4000000000000001": 0.03862660944206009, "1.5000000000000002": 0.04291845493562232, "1.6": 0.034334763948497854, "1.7000000000000002": 0.017167381974248927, "1.8000000000000003": 0.030042918454935622, "1.9000000000000001": 0.017167381974248927, "2.0": 0.0, "2.1": 0.017167381974248927, "2.2": 0.012875536480686695, "2.3000000000000003": 0.0, "2.4000000000000004": 0.004291845493562232, "2.5000000000000004": 0.004291845493562232, "2.6": 0.004291845493562232, "2.7": 0.008583690987124463, "2.8000000000000003": 0.0, "2.9000000000000004": 0.0, "3.0000000000000004": 0.008583690987124463, "3.1": 0.004291845493562232, "3.2": 0.004291845493562232, "3.3000000000000003": 0.0, "3.4000000000000004": 0.0, "3.5000000000000004": 0.0, "3.6": 0.0, "3.7": 0.0, "3.8000000000000003": 0.0, "3.9000000000000004": 0.0, "4.0": 0.0, "4.1": 0.0, "4.2": 0.0, "4.3": 0.0, "4.3999999999999995": 0.0, "4.5": 0.0, "4.6": 0.0, "4.7": 0.0, "4.8": 0.0, "4.9": 0.0, "5.0": 0.0, "5.1": 0.0, "5.2": 0.0, "5.3": 0.0, "5.4": 0.0, "5.5": 0.0, "5.6": 0.0, "5.7": 0.0}, "mean_error_major": 3.7833333333333328, "min_error_major": 2.25, "max_error_major": 6.050000000000001, "mean_error_minor": 2.5797029702970287, "min_error_minor": 1.4400000000000002, "max_error_minor": 5.390000000000001, "error_orientation": 143.5, "prob_change": 0.4626865671641791, "changes_probs": {"-0.40000000000000036": 0.005, "-0.09999999999999964": 0.075, "-0.10000000000000053": 0.01, "0.0": 0.537, "-0.10000000000000009": 0.149, "0.10000000000000009": 0.07, "0.09999999999999964": 0.04, "0.20000000000000018": 0.03, "-0.20000000000000018": 0.02, "-0.19999999999999973": 0.01, "0.19999999999999973": 0.015, "-0.19999999999999996": 0.015, "0.09999999999999987": 0.005, "0.30000000000000004": 0.005, "-0.7000000000000002": 0.005, "0.19999999999999996": 0.005, "0.30000000000000027": 0.005}, "longtime_changes_probs": {"-0.9": 0.035, "-0.8": 0.029, "-0.7": 0.023, "-0.6": 0.058, "-0.5": 0.122, "-0.4": 0.076, "-0.3": 0.134, "-0.2": 0.087, "0.4": 0.023, "0.5": 0.076, "0.6": 0.047, "-1.4": 0.006, "-1.3": 0.006, "0.7": 0.012, "0.2": 0.047, "-0.1": 0.064, "0.1": 0.029, "-1.7": 0.006, "0.3": 0.017, "0.8": 0.052, "-1.1": 0.012, "0.9": 0.006, "-1.0": 0.029, "-1.2": 0.006}}