{"heatmap_size": [-11.33329256678637, 5.388251984615718, -12.413362555784161, 4.180665153183633], "gps_frequency": {"0.1": 0.1744186046511628, "0.2": 0.02131782945736434, "0.30000000000000004": 0.023255813953488372, "0.4": 0.03875968992248062, "0.5": 0.007751937984496124, "0.6": 0.07945736434108527, "0.7000000000000001": 0.07751937984496124, "0.8": 0.08139534883720931, "0.9": 0.06976744186046512, "1.0": 0.011627906976744186, "1.1": 0.050387596899224806, "1.2000000000000002": 0.05232558139534884, "1.3000000000000003": 0.046511627906976744, "1.4000000000000001": 0.029069767441860465, "1.5000000000000002": 0.04263565891472868, "1.6": 0.03488372093023256, "1.7000000000000002": 0.011627906976744186, "1.8000000000000003": 0.01744186046511628, "1.9000000000000001": 0.029069767441860465, "2.0": 0.003875968992248062, "2.1": 0.01744186046511628, "2.2": 0.013565891472868217, "2.3000000000000003": 0.01744186046511628, "2.4000000000000004": 0.011627906976744186, "2.5000000000000004": 0.005813953488372093, "2.6": 0.001937984496124031, "2.7": 0.005813953488372093, "2.8000000000000003": 0.013565891472868217, "2.9000000000000004": 0.003875968992248062, "3.0000000000000004": 0.001937984496124031, "3.1": 0.003875968992248062, "3.2": 0.007751937984496124, "3.3000000000000003": 0.001937984496124031, "3.4000000000000004": 0.001937984496124031, "3.5000000000000004": 0.001937984496124031, "3.6": 0.001937984496124031, "3.7": 0.0, "3.8000000000000003": 0.001937984496124031, "3.9000000000000004": 0.003875968992248062, "4.0": 0.0, "4.1": 0.0, "4.2": 0.003875968992248062, "4.3": 0.0, "4.3999999999999995": 0.001937984496124031, "4.5": 0.001937984496124031, "4.6": 0.0, "4.7": 0.0, "4.8": 0.0, "4.9": 0.001937984496124031, "5.0": 0.0, "5.1": 0.0, "5.2": 0.001937984496124031, "5.3": 0.0, "5.4": 0.001937984496124031, "5.5": 0.0, "5.6": 0.0, "5.7": 0.0, "5.8": 0.0, "5.9": 0.0, "6.0": 0.0, "6.1": 0.0, "6.2": 0.0, "6.3": 0.0, "6.4": 0.0, "6.5": 0.0, "6.6": 0.0, "6.7": 0.0, "6.8": 0.0, "6.9": 0.0, "7.0": 0.0, "7.1": 0.0, "7.2": 0.0}, "mean_error_major": 2.3532110091743097, "min_error_major": 1.35, "max_error_major": 3.8500000000000005, "mean_error_minor": 1.006903353057199, "min_error_minor": 0.54, "max_error_minor": 2.4200000000000004, "error_orientation": 39.23723404255319, "prob_change": 0.34189723320158105, "changes_probs": {"0.0": 0.658, "-0.09999999999999987": 0.018, "-0.10000000000000009": 0.024, "0.10000000000000009": 0.016, "0.19999999999999996": 0.006, "0.20000000000000018": 0.002, "-0.20000000000000018": 0.002, "-0.19999999999999996": 0.004, "-0.010000000000000009": 0.097, "-0.040000000000000036": 0.006, "-0.029999999999999916": 0.006, "-0.050000000000000044": 0.004, "-0.030000000000000027": 0.008, "-0.019999999999999907": 0.004, "0.010000000000000009": 0.057, "-0.009999999999999898": 0.006, "-0.020000000000000018": 0.02, "0.020000000000000018": 0.016, "0.009999999999999898": 0.006, "0.050000000000000044": 0.004, "0.06999999999999995": 0.002, "0.030000000000000027": 0.006, "0.019999999999999907": 0.002, "0.040000000000000036": 0.004, "0.44999999999999996": 0.002, "-0.30000000000000004": 0.004, "0.30000000000000004": 0.002, "0.09999999999999987": 0.012, "-0.2999999999999998": 0.002, "-0.08999999999999997": 0.002}, "longtime_changes_probs": {"-0.4": 0.043, "-0.3": 0.049, "-0.2": 0.066, "-0.6": 0.015, "-0.8": 0.021, "-0.7": 0.011, "-0.5": 0.045, "-0.0": 0.311, "0.5": 0.015, "0.4": 0.015, "1.0": 0.002, "0.6": 0.015, "-0.9": 0.015, "0.7": 0.041, "0.2": 0.004, "-0.1": 0.149, "0.1": 0.154, "0.3": 0.006, "0.8": 0.009, "0.9": 0.015}}