{"heatmap_size": [-45.96114933686723, 65.64383448911423, -16.595353416745553, 30.300684208355047], "gps_frequency": {"0.1": 0.010471204188481676, "0.2": 0.005235602094240838, "0.30000000000000004": 0.005235602094240838, "0.4": 0.020942408376963352, "0.5": 0.0, "0.6": 0.041884816753926704, "0.7000000000000001": 0.07329842931937172, "0.8": 0.17801047120418848, "0.9": 0.18848167539267016, "1.0": 0.03664921465968586, "1.1": 0.1256544502617801, "1.2000000000000002": 0.09947643979057591, "1.3000000000000003": 0.04712041884816754, "1.4000000000000001": 0.05235602094240838, "1.5000000000000002": 0.02617801047120419, "1.6": 0.02617801047120419, "1.7000000000000002": 0.031413612565445025, "1.8000000000000003": 0.005235602094240838, "1.9000000000000001": 0.010471204188481676, "2.0": 0.0, "2.1": 0.010471204188481676, "2.2": 0.005235602094240838, "2.3000000000000003": 0.0, "2.4000000000000004": 0.015706806282722512, "2.5000000000000004": 0.0, "2.6": 0.0, "2.7": 0.0, "2.8000000000000003": 0.0, "2.9000000000000004": 0.0}, "mean_error_major": 4.3947916666666655, "min_error_major": 2.3400000000000003, "max_error_major": 12.100000000000001, "mean_error_minor": 3.055208333333334, "min_error_minor": 1.26, "max_error_minor": 5.28, "error_orientation": 149.70885416666667, "prob_change": 0.6492146596858639, "changes_probs": {"-0.20000000000000018": 0.052, "-0.10000000000000009": 0.173, "-0.19999999999999973": 0.016, "-0.09999999999999964": 0.058, "0.0": 0.351, "0.10000000000000009": 0.084, "0.19999999999999973": 0.026, "0.30000000000000027": 0.005, "0.3999999999999999": 0.01, "0.40000000000000036": 0.005, "0.2999999999999998": 0.016, "0.09999999999999964": 0.068, "0.10000000000000053": 0.026, "0.20000000000000018": 0.042, "-0.1999999999999993": 0.005, "-0.2999999999999998": 0.016, "-0.40000000000000036": 0.005, "-0.5": 0.01, "-0.3999999999999999": 0.005, "-0.10000000000000053": 0.005, "-0.09999999999999987": 0.01, "0.19999999999999996": 0.005, "0.09999999999999987": 0.005}, "longtime_changes_probs": {"0.8": 0.037, "1.7": 0.012, "1.1": 0.055, "1.6": 0.03, "1.8": 0.006, "1.2": 0.03, "2.0": 0.006, "1.9": 0.006, "1.5": 0.012, "1.4": 0.03, "1.0": 0.012, "-0.5": 0.037, "0.5": 0.006, "-0.9": 0.043, "-0.4": 0.037, "0.6": 0.024, "-1.9": 0.006, "-1.4": 0.012, "-1.3": 0.018, "-1.8": 0.03, "0.7": 0.018, "-0.8": 0.049, "0.2": 0.006, "-0.3": 0.03, "-2.3": 0.012, "-2.2": 0.018, "0.1": 0.03, "-0.1": 0.03, "0.3": 0.055, "-0.2": 0.024, "-0.7": 0.037, "1.3": 0.024, "-2.1": 0.006, "-1.1": 0.037, "-1.6": 0.03, "0.4": 0.018, "-0.6": 0.03, "0.9": 0.012, "-1.5": 0.012, "-1.0": 0.043, "-1.2": 0.024}}