{"heatmap_size": [-8.039857210135596, 3.3607702356878755, -9.789030600423645, 17.192456161268545], "gps_frequency": {"0.1": 0.14615384615384616, "0.2": 0.015384615384615385, "0.30000000000000004": 0.02564102564102564, "0.4": 0.041025641025641026, "0.5": 0.017948717948717947, "0.6": 0.046153846153846156, "0.7000000000000001": 0.08974358974358974, "0.8": 0.11538461538461539, "0.9": 0.06923076923076923, "1.0": 0.01282051282051282, "1.1": 0.06923076923076923, "1.2000000000000002": 0.06153846153846154, "1.3000000000000003": 0.05897435897435897, "1.4000000000000001": 0.03076923076923077, "1.5000000000000002": 0.03333333333333333, "1.6": 0.038461538461538464, "1.7000000000000002": 0.035897435897435895, "1.8000000000000003": 0.01282051282051282, "1.9000000000000001": 0.017948717948717947, "2.0": 0.002564102564102564, "2.1": 0.015384615384615385, "2.2": 0.007692307692307693, "2.3000000000000003": 0.005128205128205128, "2.4000000000000004": 0.007692307692307693, "2.5000000000000004": 0.005128205128205128, "2.6": 0.005128205128205128, "2.7": 0.002564102564102564, "2.8000000000000003": 0.005128205128205128, "2.9000000000000004": 0.0, "3.0000000000000004": 0.005128205128205128, "3.1": 0.002564102564102564, "3.2": 0.002564102564102564, "3.3000000000000003": 0.002564102564102564, "3.4000000000000004": 0.0, "3.5000000000000004": 0.002564102564102564, "3.6": 0.002564102564102564, "3.7": 0.0, "3.8000000000000003": 0.0, "3.9000000000000004": 0.0, "4.0": 0.0, "4.1": 0.0, "4.2": 0.002564102564102564, "4.3": 0.0, "4.3999999999999995": 0.0, "4.5": 0.0, "4.6": 0.002564102564102564, "4.7": 0.002564102564102564, "4.8": 0.002564102564102564, "4.9": 0.0, "5.0": 0.0, "5.1": 0.0, "5.2": 0.0, "5.3": 0.002564102564102564, "5.4": 0.005128205128205128, "5.5": 0.0, "5.6": 0.0, "5.7": 0.0, "5.8": 0.002564102564102564, "5.9": 0.0, "6.0": 0.0, "6.1": 0.0, "6.2": 0.0, "6.3": 0.0, "6.4": 0.0, "6.5": 0.0, "6.6": 0.0, "6.7": 0.0, "6.8": 0.002564102564102564, "6.9": 0.0, "7.0": 0.0, "7.1": 0.0, "7.2": 0.0, "7.3": 0.0, "7.4": 0.0, "7.5": 0.0, "7.6": 0.0, "7.7": 0.0, "7.8": 0.0, "7.9": 0.0, "8.0": 0.0, "8.1": 0.0, "8.2": 0.0, "8.3": 0.0, "8.4": 0.0, "8.5": 0.0, "8.6": 0.0, "8.7": 0.0, "8.8": 0.0}, "mean_error_major": 1.2609621993127145, "min_error_major": 0.855, "max_error_major": 2.64, "mean_error_minor": 0.845880681818183, "min_error_minor": 0.45, "max_error_minor": 1.7600000000000002, "error_orientation": 64.62341432225064, "prob_change": 0.3732193732193732, "changes_probs": {"-0.1": 0.115, "-0.0": 0.786, "0.1": 0.076, "-0.2": 0.008, "0.3": 0.008, "-0.3": 0.008}, "longtime_changes_probs": {"-0.3": 0.078, "-0.4": 0.036, "-0.2": 0.098, "0.0": 0.274, "-0.1": 0.212, "0.1": 0.195, "0.2": 0.02, "0.3": 0.013, "0.4": 0.02, "0.7": 0.013, "-0.5": 0.01, "-0.6": 0.007, "-0.7": 0.02, "0.6": 0.007}}