{"heatmap_size": [-7.1302021045128905, 20.96179991334118, -8.089209978198438, 4.280030645099182], "gps_frequency": {"0.1": 0.20241691842900303, "0.2": 0.00906344410876133, "0.30000000000000004": 0.01812688821752266, "0.4": 0.04229607250755287, "0.5": 0.0030211480362537764, "0.6": 0.08157099697885196, "0.7000000000000001": 0.1027190332326284, "0.8": 0.08459214501510574, "0.9": 0.06948640483383686, "1.0": 0.012084592145015106, "1.1": 0.054380664652567974, "1.2000000000000002": 0.03625377643504532, "1.3000000000000003": 0.045317220543806644, "1.4000000000000001": 0.03927492447129909, "1.5000000000000002": 0.03625377643504532, "1.6": 0.03625377643504532, "1.7000000000000002": 0.03323262839879154, "1.8000000000000003": 0.006042296072507553, "1.9000000000000001": 0.015105740181268883, "2.0": 0.0, "2.1": 0.006042296072507553, "2.2": 0.021148036253776436, "2.3000000000000003": 0.012084592145015106, "2.4000000000000004": 0.00906344410876133, "2.5000000000000004": 0.0030211480362537764, "2.6": 0.006042296072507553, "2.7": 0.006042296072507553, "2.8000000000000003": 0.0, "2.9000000000000004": 0.0030211480362537764, "3.0000000000000004": 0.0, "3.1": 0.0, "3.2": 0.0, "3.3000000000000003": 0.006042296072507553, "3.4000000000000004": 0.0, "3.5000000000000004": 0.0, "3.6": 0.0, "3.7": 0.0, "3.8000000000000003": 0.0, "3.9000000000000004": 0.0030211480362537764, "4.0": 0.0, "4.1": 0.0030211480362537764, "4.2": 0.006042296072507553, "4.3": 0.0, "4.3999999999999995": 0.0, "4.5": 0.0, "4.6": 0.0, "4.7": 0.0030211480362537764, "4.8": 0.0030211480362537764, "4.9": 0.006042296072507553, "5.0": 0.0, "5.1": 0.0, "5.2": 0.0, "5.3": 0.0030211480362537764, "5.4": 0.0, "5.5": 0.0, "5.6": 0.0, "5.7": 0.0, "5.8": 0.0, "5.9": 0.0030211480362537764, "6.0": 0.0, "6.1": 0.0, "6.2": 0.0, "6.3": 0.0, "6.4": 0.0030211480362537764, "6.5": 0.0, "6.6": 0.0, "6.7": 0.0, "6.8": 0.0, "6.9": 0.0, "7.0": 0.0, "7.1": 0.0030211480362537764, "7.2": 0.0, "7.3": 0.0, "7.4": 0.0, "7.5": 0.0, "7.6": 0.0, "7.7": 0.0, "7.8": 0.0, "7.9": 0.0, "8.0": 0.0, "8.1": 0.0, "8.2": 0.0, "8.3": 0.0, "8.4": 0.0, "8.5": 0.0, "8.6": 0.0, "8.7": 0.0, "8.8": 0.0, "8.9": 0.0, "9.0": 0.0, "9.1": 0.0, "9.2": 0.0, "9.3": 0.0, "9.4": 0.0}, "mean_error_major": 1.996691176470587, "min_error_major": 1.26, "max_error_major": 5.5, "mean_error_minor": 0.9754777070063715, "min_error_minor": 0.549, "max_error_minor": 2.9700000000000006, "error_orientation": 89.73909638554215, "prob_change": 0.4440894568690096, "changes_probs": {"-0.10000000000000009": 0.035, "-0.30000000000000004": 0.003, "0.0": 0.556, "-0.09999999999999987": 0.01, "-0.030000000000000027": 0.019, "-0.010000000000000009": 0.131, "-0.04999999999999993": 0.003, "-0.020000000000000018": 0.029, "-0.009999999999999898": 0.01, "0.009999999999999898": 0.003, "0.010000000000000009": 0.048, "0.030000000000000027": 0.013, "0.029999999999999916": 0.003, "0.06000000000000005": 0.01, "0.19999999999999996": 0.006, "0.9000000000000001": 0.003, "0.19999999999999973": 0.003, "0.10000000000000009": 0.019, "-0.30000000000000027": 0.003, "-0.19999999999999973": 0.003, "-0.5": 0.003, "-0.19999999999999996": 0.006, "-0.029999999999999916": 0.003, "-0.09000000000000008": 0.003, "-0.040000000000000036": 0.006, "0.07000000000000006": 0.006, "0.07999999999999996": 0.006, "0.05999999999999994": 0.003, "0.12": 0.003, "-0.41999999999999993": 0.003, "0.020000000000000018": 0.026, "-0.08999999999999997": 0.003, "-0.050000000000000044": 0.003, "0.15000000000000002": 0.003, "0.039999999999999925": 0.003, "-0.019999999999999907": 0.003, "-0.17000000000000004": 0.003}, "longtime_changes_probs": {"-0.7": 0.056, "-0.6": 0.024, "-0.4": 0.038, "-0.5": 0.056, "-0.3": 0.028, "-0.2": 0.077, "-0.0": 0.262, "0.2": 0.066, "0.4": 0.035, "1.5": 0.01, "1.4": 0.014, "0.5": 0.007, "0.6": 0.045, "-0.9": 0.01, "-1.4": 0.007, "1.6": 0.003, "1.1": 0.007, "-0.8": 0.007, "0.7": 0.007, "1.7": 0.003, "1.2": 0.003, "-0.1": 0.108, "0.1": 0.052, "-1.7": 0.003, "-1.2": 0.007, "0.3": 0.024, "1.3": 0.003, "1.8": 0.007, "-1.1": 0.003, "-1.5": 0.003, "-1.0": 0.01, "-1.3": 0.007}}