{"heatmap_size": [-7.411732055197324, 6.166403740182985, -4.224002996371981, 1.0160044914456372], "gps_frequency": {"0.1": 0.19602272727272727, "0.2": 0.03409090909090909, "0.30000000000000004": 0.028409090909090908, "0.4": 0.02556818181818182, "0.5": 0.014204545454545454, "0.6": 0.08522727272727272, "0.7000000000000001": 0.09943181818181818, "0.8": 0.06818181818181818, "0.9": 0.05397727272727273, "1.0": 0.011363636363636364, "1.1": 0.056818181818181816, "1.2000000000000002": 0.03409090909090909, "1.3000000000000003": 0.045454545454545456, "1.4000000000000001": 0.036931818181818184, "1.5000000000000002": 0.03977272727272727, "1.6": 0.03409090909090909, "1.7000000000000002": 0.011363636363636364, "1.8000000000000003": 0.014204545454545454, "1.9000000000000001": 0.017045454545454544, "2.0": 0.0, "2.1": 0.011363636363636364, "2.2": 0.008522727272727272, "2.3000000000000003": 0.017045454545454544, "2.4000000000000004": 0.014204545454545454, "2.5000000000000004": 0.005681818181818182, "2.6": 0.005681818181818182, "2.7": 0.011363636363636364, "2.8000000000000003": 0.002840909090909091, "2.9000000000000004": 0.002840909090909091, "3.0000000000000004": 0.017045454545454544, "3.1": 0.017045454545454544, "3.2": 0.0, "3.3000000000000003": 0.002840909090909091, "3.4000000000000004": 0.008522727272727272, "3.5000000000000004": 0.005681818181818182, "3.6": 0.005681818181818182, "3.7": 0.0, "3.8000000000000003": 0.0, "3.9000000000000004": 0.0, "4.0": 0.0, "4.1": 0.0, "4.2": 0.002840909090909091, "4.3": 0.0, "4.3999999999999995": 0.0, "4.5": 0.0, "4.6": 0.0, "4.7": 0.0, "4.8": 0.0, "4.9": 0.0, "5.0": 0.0, "5.1": 0.0, "5.2": 0.0, "5.3": 0.0, "5.4": 0.0, "5.5": 0.0, "5.6": 0.0, "5.7": 0.0, "5.8": 0.0, "5.9": 0.002840909090909091, "6.0": 0.0, "6.1": 0.0, "6.2": 0.0, "6.3": 0.002840909090909091, "6.4": 0.0, "6.5": 0.0, "6.6": 0.0, "6.7": 0.0, "6.8": 0.0, "6.9": 0.0, "7.0": 0.0, "7.1": 0.0, "7.2": 0.0, "7.3": 0.0, "7.4": 0.0, "7.5": 0.0, "7.6": 0.005681818181818182, "7.7": 0.0, "7.8": 0.0, "7.9": 0.0, "8.0": 0.0, "8.1": 0.0, "8.2": 0.0, "8.3": 0.0, "8.4": 0.0, "8.5": 0.0, "8.6": 0.0, "8.7": 0.0, "8.8": 0.0, "8.9": 0.0, "9.0": 0.0, "9.1": 0.0, "9.2": 0.0, "9.3": 0.0, "9.4": 0.0, "9.5": 0.0, "9.6": 0.0, "9.700000000000001": 0.0, "9.8": 0.0, "9.9": 0.0, "10.0": 0.0, "10.1": 0.0, "10.200000000000001": 0.0, "10.3": 0.0, "10.4": 0.0, "10.5": 0.0, "10.6": 0.0, "10.700000000000001": 0.0, "10.8": 0.0, "10.9": 0.0, "11.0": 0.0, "11.1": 0.0, "11.200000000000001": 0.0, "11.3": 0.0, "11.4": 0.0, "11.5": 0.0, "11.6": 0.0, "11.700000000000001": 0.0, "11.8": 0.0, "11.9": 0.0, "12.0": 0.0, "12.1": 0.0, "12.200000000000001": 0.0, "12.3": 0.0, "12.4": 0.0, "12.5": 0.0, "12.6": 0.0, "12.700000000000001": 0.0, "12.8": 0.0, "12.9": 0.0, "13.0": 0.0, "13.1": 0.0, "13.200000000000001": 0.0, "13.3": 0.0, "13.4": 0.0, "13.5": 0.0, "13.6": 0.0, "13.700000000000001": 0.0, "13.8": 0.0, "13.9": 0.0, "14.0": 0.0, "14.1": 0.0, "14.200000000000001": 0.0, "14.3": 0.0, "14.4": 0.0, "14.5": 0.0, "14.6": 0.0, "14.700000000000001": 0.0, "14.8": 0.0, "14.9": 0.0, "15.0": 0.0, "15.1": 0.0}, "mean_error_major": 1.1055255255255239, "min_error_major": 0.8190000000000001, "max_error_major": 1.6500000000000001, "mean_error_minor": 0.8316860465116283, "min_error_minor": 0.648, "max_error_minor": 1.4300000000000002, "error_orientation": 107.1406232294618, "prob_change": 0.3819241982507289, "changes_probs": {"0.0": 0.618, "-0.10000000000000009": 0.006, "-0.09999999999999987": 0.003, "-0.020000000000000018": 0.047, "-0.010000000000000009": 0.143, "0.030000000000000027": 0.023, "-0.04999999999999993": 0.003, "0.020000000000000018": 0.017, "-0.009999999999999898": 0.017, "0.010000000000000009": 0.076, "-0.040000000000000036": 0.006, "0.039999999999999925": 0.009, "0.040000000000000036": 0.003, "-0.030000000000000027": 0.006, "-0.019999999999999907": 0.003, "0.009999999999999898": 0.006, "0.019999999999999907": 0.006, "-0.029999999999999916": 0.003, "0.050000000000000044": 0.003, "0.08999999999999997": 0.003}, "longtime_changes_probs": {"-0.3": 0.02, "-0.4": 0.003, "-0.2": 0.01, "-0.0": 0.565, "-0.1": 0.227, "0.1": 0.157, "0.2": 0.017}}