{"heatmap_size": [-12.501434171480303, 5.571787978865435, -8.472197149657402, 10.058709026146843], "gps_frequency": {"0.1": 0.004761904761904762, "0.2": 0.009523809523809525, "0.30000000000000004": 0.01904761904761905, "0.4": 0.023809523809523808, "0.5": 0.009523809523809525, "0.6": 0.09047619047619047, "0.7000000000000001": 0.09523809523809523, "0.8": 0.14761904761904762, "0.9": 0.14285714285714285, "1.0": 0.02857142857142857, "1.1": 0.07142857142857142, "1.2000000000000002": 0.08571428571428572, "1.3000000000000003": 0.06190476190476191, "1.4000000000000001": 0.02857142857142857, "1.5000000000000002": 0.014285714285714285, "1.6": 0.01904761904761905, "1.7000000000000002": 0.04285714285714286, "1.8000000000000003": 0.01904761904761905, "1.9000000000000001": 0.023809523809523808, "2.0": 0.0, "2.1": 0.01904761904761905, "2.2": 0.014285714285714285, "2.3000000000000003": 0.01904761904761905, "2.4000000000000004": 0.014285714285714285, "2.5000000000000004": 0.004761904761904762, "2.6": 0.004761904761904762, "2.7": 0.0}, "mean_error_major": 3.754679802955663, "min_error_major": 2.25, "max_error_major": 8.14, "mean_error_minor": 2.7354066985645913, "min_error_minor": 1.35, "max_error_minor": 6.820000000000001, "error_orientation": 84.25924170616113, "prob_change": 0.5240384615384616, "changes_probs": {"-0.6": 0.009, "-0.4": 0.009, "-0.7": 0.009, "-0.2": 0.092, "-0.1": 0.367, "0.3": 0.064, "0.2": 0.046, "0.1": 0.22, "0.4": 0.028, "0.5": 0.037, "1.0": 0.018, "-0.5": 0.009, "-0.3": 0.083, "-1.2": 0.009}, "longtime_changes_probs": {"-0.4": 0.073, "-0.2": 0.039, "0.3": 0.028, "0.7": 0.039, "0.8": 0.017, "0.6": 0.05, "0.4": 0.034, "-0.3": 0.022, "-0.5": 0.056, "-0.8": 0.056, "1.0": 0.05, "0.5": 0.017, "3.0": 0.006, "-2.4": 0.006, "-0.9": 0.022, "-1.9": 0.011, "1.1": 0.022, "1.6": 0.017, "2.6": 0.006, "-1.3": 0.006, "-1.8": 0.006, "3.6": 0.006, "3.1": 0.006, "0.2": 0.028, "1.2": 0.006, "1.7": 0.006, "-2.3": 0.006, "-2.7": 0.011, "-0.1": 0.039, "0.1": 0.034, "2.3": 0.006, "2.2": 0.011, "2.8": 0.006, "3.7": 0.006, "-0.7": 0.045, "1.3": 0.028, "-2.6": 0.006, "-1.1": 0.034, "-1.6": 0.006, "1.4": 0.017, "-0.6": 0.045, "0.9": 0.017, "3.4": 0.006, "-2.5": 0.006, "-2.0": 0.017, "-1.5": 0.006, "-3.0": 0.011, "-1.0": 0.006, "-1.7": 0.006}}