{"heatmap_size": [-14.37030445481344, 21.5416718263599, -8.097347111632867, 10.62583881189175], "gps_frequency": 10}