{"heatmap_size": [-16.90924764999993, 7.384057927517478, -11.207451843092892, 2.774457047892292], "gps_frequency": 10}