{"heatmap_size": [-4.583538766923988, 4.168978347533099, -5.0073902643740675, 4.524749784080053], "gps_frequency": {"0.1": 0.04780876494023904, "0.2": 0.0199203187250996, "0.30000000000000004": 0.02390438247011952, "0.4": 0.00796812749003984, "0.5": 0.00796812749003984, "0.6": 0.06772908366533864, "0.7000000000000001": 0.10756972111553785, "0.8": 0.17928286852589642, "0.9": 0.0796812749003984, "1.0": 0.00796812749003984, "1.1": 0.07569721115537849, "1.2000000000000002": 0.09561752988047809, "1.3000000000000003": 0.055776892430278883, "1.4000000000000001": 0.04780876494023904, "1.5000000000000002": 0.02390438247011952, "1.6": 0.0199203187250996, "1.7000000000000002": 0.02390438247011952, "1.8000000000000003": 0.02390438247011952, "1.9000000000000001": 0.0199203187250996, "2.0": 0.00796812749003984, "2.1": 0.01195219123505976, "2.2": 0.01593625498007968, "2.3000000000000003": 0.00796812749003984, "2.4000000000000004": 0.00796812749003984, "2.5000000000000004": 0.00398406374501992, "2.6": 0.00398406374501992, "2.7": 0.00398406374501992, "2.8000000000000003": 0.0, "2.9000000000000004": 0.00796812749003984, "3.0000000000000004": 0.00398406374501992, "3.1": 0.00398406374501992, "3.2": 0.0, "3.3000000000000003": 0.0, "3.4000000000000004": 0.0, "3.5000000000000004": 0.0, "3.6": 0.0, "3.7": 0.0, "3.8000000000000003": 0.00398406374501992}, "mean_error_major": 1.7502057613168727, "min_error_major": 1.08, "max_error_major": 2.75, "mean_error_minor": 1.4514056224899587, "min_error_minor": 0.9900000000000001, "max_error_minor": 2.4200000000000004, "error_orientation": 133.79365079365078, "prob_change": 0.2056451612903226, "changes_probs": {"-0.1": 0.49, "0.1": 0.471, "-0.2": 0.039}, "longtime_changes_probs": {"-0.9": 0.005, "-0.8": 0.005, "-0.4": 0.015, "-0.7": 0.005, "-0.6": 0.005, "-0.3": 0.045, "-0.2": 0.193, "-0.1": 0.228, "0.1": 0.193, "0.2": 0.129, "0.4": 0.079, "0.3": 0.099}}