{"heatmap_size": [-1.8687678108865566, 2.067138126894637, -2.433322208161746, 1.5937334981486553], "gps_frequency": 10, "mean_error": 9.979473684210525, "max_change": 1.0, "sd_change": 0.16119427745464232, "avg_change": 0.15291005291005327}